"","Country","AgtId"
"1","Afghanistan","2232"
"2","Afghanistan","1739"
"3","Afghanistan","1923"
"4","Afghanistan","864"
"5","Afghanistan","848"
"6","Afghanistan","849"
"7","Afghanistan","709"
"8","Afghanistan","708"
"9","Afghanistan","707"
"10","Afghanistan","706"
"11","Afghanistan","847"
"12","Afghanistan","705"
"13","Afghanistan","1069"
"14","Afghanistan","1061"
"15","Afghanistan","1054"
"16","Afghanistan","909"
"17","Afghanistan","908"
"18","Afghanistan","272"
"19","Afghanistan","553"
"20","Afghanistan","409"
"21","Afghanistan","482"
"22","Afghanistan","1070"
"23","Pakistan","1070"
"24","Algeria","1595"
"25","Algeria","1738"
"26","Algeria","1737"
"27","Algeria","1255"
"28","Algeria","1044"
"29","Algeria","484"
"30","Angola","978"
"31","Angola","305"
"32","Angola","299"
"33","Angola","300"
"34","Angola","301"
"35","Angola","1"
"36","Angola","439"
"37","Angola","1318"
"38","Angola","207"
"39","Angola","1316"
"40","Angola","1319"
"41","Angola","1317"
"42","Angola","668"
"43","Burundi","668"
"44","Central African Republic","668"
"45","Democratic Republic of Congo","668"
"46","Kenya","668"
"47","Republic of Congo","668"
"48","Rwanda","668"
"49","Sudan","668"
"50","Tanzania","668"
"51","Uganda","668"
"52","Zambia","668"
"53","African Great Lakes","668"
"54","Angola","349"
"55","Burundi","349"
"56","Central African Republic","349"
"57","Democratic Republic of Congo","349"
"58","Kenya","349"
"59","Republic of Congo","349"
"60","Rwanda","349"
"61","Sudan","349"
"62","Tanzania","349"
"63","Uganda","349"
"64","Zambia","349"
"65","African Great Lakes","349"
"66","Angola","789"
"67","Burundi","789"
"68","Central African Republic","789"
"69","Democratic Republic of Congo","789"
"70","Republic of Congo","789"
"71","Rwanda","789"
"72","South Africa","789"
"73","South Sudan","789"
"74","Tanzania","789"
"75","Uganda","789"
"76","Zambia","789"
"77","African Great Lakes","789"
"78","Angola","1336"
"79","Cabinda ","1336"
"80","Angola","1062"
"81","Central African Republic","1062"
"82","Democratic Republic of Congo","1062"
"83","Kenya","1062"
"84","Republic of Congo","1062"
"85","Rwanda","1062"
"86","Sudan","1062"
"87","Tanzania","1062"
"88","Uganda","1062"
"89","Zambia","1062"
"90","African Great Lakes","1062"
"91","Argentina","423"
"92","United Kingdom","423"
"93","Argentina","431"
"94","United Kingdom","431"
"95","Armenia","1926"
"96","Azerbaijan","1926"
"97","Nagorno-Karabakh","1926"
"98","Armenia","1687"
"99","Azerbaijan","1687"
"100","Nagorno-Karabakh","1687"
"101","Armenia","1686"
"102","Azerbaijan","1686"
"103","Nagorno-Karabakh","1686"
"104","Armenia","1684"
"105","Azerbaijan","1684"
"106","Nagorno-Karabakh","1684"
"107","Armenia","1733"
"108","Azerbaijan","1733"
"109","Nagorno-Karabakh","1733"
"110","Armenia","990"
"111","Azerbaijan","990"
"112","Nagorno-Karabakh","990"
"113","Armenia","310"
"114","Azerbaijan","310"
"115","Nagorno-Karabakh","310"
"116","Armenia","1732"
"117","Azerbaijan","1732"
"118","Nagorno-Karabakh","1732"
"119","Armenia","1731"
"120","Azerbaijan","1731"
"121","Nagorno-Karabakh","1731"
"122","Armenia","1730"
"123","Azerbaijan","1730"
"124","Nagorno-Karabakh","1730"
"125","Armenia","1729"
"126","Azerbaijan","1729"
"127","Nagorno-Karabakh","1729"
"128","Armenia","1728"
"129","Azerbaijan","1728"
"130","Nagorno-Karabakh","1728"
"131","Armenia","1727"
"132","Azerbaijan","1727"
"133","Nagorno-Karabakh","1727"
"134","Armenia","1726"
"135","Azerbaijan","1726"
"136","Nagorno-Karabakh","1726"
"137","Armenia","1725"
"138","Azerbaijan","1725"
"139","Nagorno-Karabakh","1725"
"140","Armenia","1724"
"141","Azerbaijan","1724"
"142","Nagorno-Karabakh","1724"
"143","Armenia","1723"
"144","Azerbaijan","1723"
"145","Nagorno-Karabakh","1723"
"146","Armenia","1722"
"147","Azerbaijan","1722"
"148","Nagorno-Karabakh","1722"
"149","Armenia","1721"
"150","Azerbaijan","1721"
"151","Nagorno-Karabakh","1721"
"152","Armenia","1683"
"153","Azerbaijan","1683"
"154","Nagorno-Karabakh","1683"
"155","Armenia","1925"
"156","Azerbaijan","1925"
"157","Russia","1925"
"158","Nagorno-Karabakh","1925"
"159","Armenia","1685"
"160","Azerbaijan","1685"
"161","Russia","1685"
"162","Nagorno-Karabakh","1685"
"163","Armenia","823"
"164","Azerbaijan","823"
"165","Russia","823"
"166","Nagorno-Karabakh","823"
"167","Armenia","611"
"168","Azerbaijan","611"
"169","Russia","611"
"170","Nagorno-Karabakh","611"
"171","Bahrain","1412"
"172","Bahrain","1415"
"173","Bahrain","1414"
"174","Bahrain","1413"
"175","Bahrain","1437"
"176","Bangladesh","238"
"177","Chittagong Hill Tracts","238"
"178","Bosnia and Herzegovina","384"
"179","Yugoslavia former","384"
"180","Bosnia and Herzegovina","1212"
"181","Yugoslavia former","1212"
"182","Bosnia and Herzegovina","276"
"183","Yugoslavia former","276"
"184","Bosnia and Herzegovina","1210"
"185","Yugoslavia former","1210"
"186","Bosnia and Herzegovina","1209"
"187","Yugoslavia former","1209"
"188","Bosnia and Herzegovina","1207"
"189","Yugoslavia former","1207"
"190","Bosnia and Herzegovina","1903"
"191","Yugoslavia former","1903"
"192","Bosnia and Herzegovina","311"
"193","Yugoslavia former","311"
"194","Bosnia and Herzegovina","1206"
"195","Yugoslavia former","1206"
"196","Bosnia and Herzegovina","1205"
"197","Yugoslavia former","1205"
"198","Bosnia and Herzegovina","1204"
"199","Yugoslavia former","1204"
"200","Bosnia and Herzegovina","1203"
"201","Yugoslavia former","1203"
"202","Bosnia and Herzegovina","1320"
"203","Yugoslavia former","1320"
"204","Bosnia and Herzegovina","1030"
"205","Yugoslavia former","1030"
"206","Bosnia and Herzegovina","389"
"207","Yugoslavia former","389"
"208","Bosnia and Herzegovina","1289"
"209","Yugoslavia former","1289"
"210","Bosnia and Herzegovina","2"
"211","Yugoslavia former","2"
"212","Bosnia and Herzegovina","1201"
"213","Yugoslavia former","1201"
"214","Bosnia and Herzegovina","1645"
"215","Yugoslavia former","1645"
"216","Bosnia and Herzegovina","322"
"217","Yugoslavia former","322"
"218","Bosnia and Herzegovina","78"
"219","Yugoslavia former","78"
"220","Bosnia and Herzegovina","77"
"221","Yugoslavia former","77"
"222","Bosnia and Herzegovina","1644"
"223","Yugoslavia former","1644"
"224","Bosnia and Herzegovina","1214"
"225","Yugoslavia former","1214"
"226","Bosnia and Herzegovina","1643"
"227","Yugoslavia former","1643"
"228","Bosnia and Herzegovina","1642"
"229","Yugoslavia former","1642"
"230","Bosnia and Herzegovina","1874"
"231","Yugoslavia former","1874"
"232","Bosnia and Herzegovina","1641"
"233","Yugoslavia former","1641"
"234","Bosnia and Herzegovina","1654"
"235","Yugoslavia former","1654"
"236","Bosnia and Herzegovina","1640"
"237","Yugoslavia former","1640"
"238","Bosnia and Herzegovina","1639"
"239","Yugoslavia former","1639"
"240","Bosnia and Herzegovina","1213"
"241","Yugoslavia former","1213"
"242","Bosnia and Herzegovina","915"
"243","Yugoslavia former","915"
"244","Bosnia and Herzegovina","916"
"245","Yugoslavia former","916"
"246","Bosnia and Herzegovina","1504"
"247","Yugoslavia former","1504"
"248","Bosnia and Herzegovina","1503"
"249","Yugoslavia former","1503"
"250","Bosnia and Herzegovina","1501"
"251","Yugoslavia former","1501"
"252","Bosnia and Herzegovina","1226"
"253","Yugoslavia former","1226"
"254","Bosnia and Herzegovina","1500"
"255","Yugoslavia former","1500"
"256","Bosnia and Herzegovina","1637"
"257","Yugoslavia former","1637"
"258","Bosnia and Herzegovina","1873"
"259","Yugoslavia former","1873"
"260","Bosnia and Herzegovina","1499"
"261","Yugoslavia former","1499"
"262","Bosnia and Herzegovina","1198"
"263","Yugoslavia former","1198"
"264","Bosnia and Herzegovina","1636"
"265","Yugoslavia former","1636"
"266","Bosnia and Herzegovina","1878"
"267","Yugoslavia former","1878"
"268","Bosnia and Herzegovina","1850"
"269","Yugoslavia former","1850"
"270","Bosnia and Herzegovina","608"
"271","Yugoslavia former","608"
"272","Bosnia and Herzegovina","1179"
"273","Yugoslavia former","1179"
"274","Bosnia and Herzegovina","1633"
"275","Yugoslavia former","1633"
"276","Bosnia and Herzegovina","1497"
"277","Yugoslavia former","1497"
"278","Bosnia and Herzegovina","1931"
"279","Yugoslavia former","1931"
"280","Bosnia and Herzegovina","1632"
"281","Yugoslavia former","1632"
"282","Bosnia and Herzegovina","1872"
"283","Yugoslavia former","1872"
"284","Bosnia and Herzegovina","1930"
"285","Yugoslavia former","1930"
"286","Bosnia and Herzegovina","1598"
"287","Yugoslavia former","1598"
"288","Bosnia and Herzegovina","1298"
"289","Yugoslavia former","1298"
"290","Bosnia and Herzegovina","1849"
"291","Yugoslavia former","1849"
"292","Bosnia and Herzegovina","1871"
"293","Yugoslavia former","1871"
"294","Bosnia and Herzegovina","1494"
"295","Yugoslavia former","1494"
"296","Bosnia and Herzegovina","1202"
"297","Yugoslavia former","1202"
"298","Bosnia and Herzegovina","1493"
"299","Yugoslavia former","1493"
"300","Bosnia and Herzegovina","1297"
"301","Yugoslavia former","1297"
"302","Bosnia and Herzegovina","1569"
"303","Yugoslavia former","1569"
"304","Bosnia and Herzegovina","472"
"305","Yugoslavia former","472"
"306","Bosnia and Herzegovina","1630"
"307","Yugoslavia former","1630"
"308","Bosnia and Herzegovina","1490"
"309","Yugoslavia former","1490"
"310","Bosnia and Herzegovina","1486"
"311","Yugoslavia former","1486"
"312","Bosnia and Herzegovina","1485"
"313","Yugoslavia former","1485"
"314","Bosnia and Herzegovina","1628"
"315","Yugoslavia former","1628"
"316","Bosnia and Herzegovina","1870"
"317","Yugoslavia former","1870"
"318","Bosnia and Herzegovina","1177"
"319","Yugoslavia former","1177"
"320","Bosnia and Herzegovina","1627"
"321","Yugoslavia former","1627"
"322","Bosnia and Herzegovina","1626"
"323","Yugoslavia former","1626"
"324","Bosnia and Herzegovina","1625"
"325","Yugoslavia former","1625"
"326","Bosnia and Herzegovina","1172"
"327","Yugoslavia former","1172"
"328","Bosnia and Herzegovina","1847"
"329","Yugoslavia former","1847"
"330","Bosnia and Herzegovina","1624"
"331","Yugoslavia former","1624"
"332","Bosnia and Herzegovina","1623"
"333","Yugoslavia former","1623"
"334","Bosnia and Herzegovina","1484"
"335","Yugoslavia former","1484"
"336","Bosnia and Herzegovina","1622"
"337","Yugoslavia former","1622"
"338","Bosnia and Herzegovina","1483"
"339","Yugoslavia former","1483"
"340","Bosnia and Herzegovina","606"
"341","Yugoslavia former","606"
"342","Bosnia and Herzegovina","1621"
"343","Yugoslavia former","1621"
"344","Bosnia and Herzegovina","1482"
"345","Yugoslavia former","1482"
"346","Bosnia and Herzegovina","1877"
"347","Yugoslavia former","1877"
"348","Bosnia and Herzegovina","1620"
"349","Yugoslavia former","1620"
"350","Bosnia and Herzegovina","1027"
"351","Yugoslavia former","1027"
"352","Bosnia and Herzegovina","1869"
"353","Yugoslavia former","1869"
"354","Bosnia and Herzegovina","1619"
"355","Yugoslavia former","1619"
"356","Bosnia and Herzegovina","1876"
"357","Yugoslavia former","1876"
"358","Bosnia and Herzegovina","1182"
"359","Yugoslavia former","1182"
"360","Bosnia and Herzegovina","1848"
"361","Yugoslavia former","1848"
"362","Bosnia and Herzegovina","1618"
"363","Yugoslavia former","1618"
"364","Bosnia and Herzegovina","1617"
"365","Yugoslavia former","1617"
"366","Bosnia and Herzegovina","1616"
"367","Yugoslavia former","1616"
"368","Bosnia and Herzegovina","1615"
"369","Yugoslavia former","1615"
"370","Bosnia and Herzegovina","1928"
"371","Yugoslavia former","1928"
"372","Bosnia and Herzegovina","1846"
"373","Yugoslavia former","1846"
"374","Bosnia and Herzegovina","1613"
"375","Yugoslavia former","1613"
"376","Bosnia and Herzegovina","1611"
"377","Yugoslavia former","1611"
"378","Bosnia and Herzegovina","1612"
"379","Yugoslavia former","1612"
"380","Bosnia and Herzegovina","1479"
"381","Yugoslavia former","1479"
"382","Bosnia and Herzegovina","1867"
"383","Yugoslavia former","1867"
"384","Bosnia and Herzegovina","1610"
"385","Yugoslavia former","1610"
"386","Bosnia and Herzegovina","1609"
"387","Yugoslavia former","1609"
"388","Bosnia and Herzegovina","1567"
"389","Yugoslavia former","1567"
"390","Bosnia and Herzegovina","1171"
"391","Yugoslavia former","1171"
"392","Bosnia and Herzegovina","1166"
"393","Yugoslavia former","1166"
"394","Bosnia and Herzegovina","1165"
"395","Yugoslavia former","1165"
"396","Bosnia and Herzegovina","1167"
"397","Yugoslavia former","1167"
"398","Bosnia and Herzegovina","1169"
"399","Yugoslavia former","1169"
"400","Bosnia and Herzegovina","1170"
"401","Yugoslavia former","1170"
"402","Bosnia and Herzegovina","1164"
"403","Yugoslavia former","1164"
"404","Bosnia and Herzegovina","1608"
"405","Yugoslavia former","1608"
"406","Bosnia and Herzegovina","1478"
"407","Yugoslavia former","1478"
"408","Bosnia and Herzegovina","1477"
"409","Yugoslavia former","1477"
"410","Bosnia and Herzegovina","1476"
"411","Yugoslavia former","1476"
"412","Bosnia and Herzegovina","1607"
"413","Yugoslavia former","1607"
"414","Bosnia and Herzegovina","1570"
"415","Yugoslavia former","1570"
"416","Bosnia and Herzegovina","1589"
"417","Yugoslavia former","1589"
"418","Bosnia and Herzegovina","1022"
"419","Yugoslavia former","1022"
"420","Bosnia and Herzegovina","1590"
"421","Yugoslavia former","1590"
"422","Bosnia and Herzegovina","1591"
"423","Yugoslavia former","1591"
"424","Bosnia and Herzegovina","1927"
"425","Yugoslavia former","1927"
"426","Bosnia and Herzegovina","1475"
"427","Yugoslavia former","1475"
"428","Bosnia and Herzegovina","1474"
"429","Yugoslavia former","1474"
"430","Bosnia and Herzegovina","1473"
"431","Yugoslavia former","1473"
"432","Bosnia and Herzegovina","1472"
"433","Yugoslavia former","1472"
"434","Bosnia and Herzegovina","1588"
"435","Yugoslavia former","1588"
"436","Bosnia and Herzegovina","1587"
"437","Yugoslavia former","1587"
"438","Bosnia and Herzegovina","1470"
"439","Yugoslavia former","1470"
"440","Bosnia and Herzegovina","1469"
"441","Yugoslavia former","1469"
"442","Bosnia and Herzegovina","547"
"443","Yugoslavia former","547"
"444","Bougainville","1287"
"445","United Nations","1287"
"446","Burundi","1908"
"447","Burundi","1934"
"448","Burundi","713"
"449","Burundi","1907"
"450","Burundi","712"
"451","Burundi","1905"
"452","Burundi","711"
"453","Burundi","336"
"454","Burundi","702"
"455","Burundi","1421"
"456","Burundi","202"
"457","Burundi","2034"
"458","Burundi","2033"
"459","Burundi","1419"
"460","Burundi","568"
"461","Burundi","565"
"462","Burundi","584"
"463","Burundi","582"
"464","Burundi","1304"
"465","Burundi","1904"
"466","Burundi","321"
"467","Burundi","1425"
"468","Burundi","306"
"469","Burundi","380"
"470","Burundi","303"
"471","Burundi","1045"
"472","Cambodia","196"
"473","Cambodia","243"
"474","Cambodia","252"
"475","Cambodia","378"
"476","Cambodia","364"
"477","Cambodia","1332"
"478","Cameroon","240"
"479","Nigeria","240"
"480","Cameroon","1013"
"481","Nigeria","1013"
"482","Central African Republic","2194"
"483","Central African Republic","2147"
"484","Central African Republic","2206"
"485","Central African Republic","2191"
"486","Central African Republic","2211"
"487","Central African Republic","2205"
"488","Central African Republic","2203"
"489","Central African Republic","2202"
"490","Central African Republic","2199"
"491","Central African Republic","2190"
"492","Central African Republic","2189"
"493","Central African Republic","2209"
"494","Central African Republic","2204"
"495","Central African Republic","2198"
"496","Central African Republic","2234"
"497","Central African Republic","1909"
"498","Central African Republic","2196"
"499","Central African Republic","2193"
"500","Central African Republic","2192"
"501","Central African Republic","2197"
"502","Central African Republic","1442"
"503","Central African Republic","2035"
"504","Central African Republic","818"
"505","Central African Republic","1659"
"506","Central African Republic","809"
"507","Central African Republic","810"
"508","Central African Republic","811"
"509","Central African Republic","807"
"510","Central African Republic","759"
"511","Central African Republic","669"
"512","Central African Republic","670"
"513","Central African Republic","760"
"514","Central African Republic","676"
"515","Central African Republic","464"
"516","Central African Republic","443"
"517","Central African Republic","3"
"518","Central African Republic","598"
"519","Central African Republic","488"
"520","Central African Republic","133"
"521","Chad","133"
"522","Sudan","133"
"523","Darfur","133"
"524","Chad","804"
"525","Chad","762"
"526","Chad","761"
"527","Chad","1265"
"528","Chad","615"
"529","Chad","910"
"530","Chad","237"
"531","Libya","237"
"532","Chad","716"
"533","Sudan","716"
"534","Chad","715"
"535","Sudan","715"
"536","Chad","714"
"537","Sudan","714"
"538","Chad","1188"
"539","Sudan","1188"
"540","Chad","1071"
"541","Sudan","1071"
"542","Chad","1066"
"543","Sudan","1066"
"544","China","792"
"545","India","792"
"546","China","717"
"547","India","717"
"548","China","497"
"549","India","497"
"550","China","234"
"551","India","234"
"552","China","286"
"553","India","286"
"554","China","2074"
"555","Japan","2074"
"556","North Korea","2074"
"557","Russia","2074"
"558","South Korea","2074"
"559","United States of America","2074"
"560","China","531"
"561","Kazakhstan","531"
"562","Kyrgyzstan","531"
"563","Russia","531"
"564","Tajikistan","531"
"565","China","1811"
"566","Kazakhstan","1811"
"567","Russia","1811"
"568","China","1807"
"569","Mongolia","1807"
"570","Russia","1807"
"571","China","1808"
"572","Mongolia","1808"
"573","Russia","1808"
"574","China","1809"
"575","Mongolia","1809"
"576","Russia","1809"
"577","China","1743"
"578","Russia","1743"
"579","China","1735"
"580","Russia","1735"
"581","China","1742"
"582","Russia","1742"
"583","China","1741"
"584","Russia","1741"
"585","China","1740"
"586","Russia","1740"
"587","Colombia","2045"
"588","Colombia","2043"
"589","Colombia","1890"
"590","Colombia","1937"
"591","Colombia","1936"
"592","Colombia","1845"
"593","Colombia","2127"
"594","Colombia","2068"
"595","Colombia","1821"
"596","Colombia","2065"
"597","Colombia","1736"
"598","Colombia","1796"
"599","Colombia","1655"
"600","Colombia","1656"
"601","Colombia","1935"
"602","Colombia","1548"
"603","Colombia","1549"
"604","Colombia","1547"
"605","Colombia","1368"
"606","Colombia","1369"
"607","Colombia","1397"
"608","Colombia","1398"
"609","Colombia","1396"
"610","Colombia","1395"
"611","Colombia","1394"
"612","Colombia","1392"
"613","Colombia","1391"
"614","Colombia","817"
"615","Colombia","815"
"616","Colombia","812"
"617","Colombia","786"
"618","Colombia","827"
"619","Colombia","146"
"620","Colombia","167"
"621","Colombia","153"
"622","Colombia","1144"
"623","Colombia","157"
"624","Colombia","1151"
"625","Colombia","159"
"626","Colombia","154"
"627","Colombia","1150"
"628","Colombia","170"
"629","Colombia","1142"
"630","Colombia","1141"
"631","Colombia","1140"
"632","Colombia","1138"
"633","Colombia","145"
"634","Colombia","184"
"635","Colombia","1146"
"636","Colombia","1543"
"637","Colombia","1126"
"638","Colombia","1149"
"639","Colombia","174"
"640","Colombia","1137"
"641","Colombia","172"
"642","Colombia","1136"
"643","Colombia","1139"
"644","Colombia","1134"
"645","Colombia","1135"
"646","Colombia","160"
"647","Colombia","161"
"648","Colombia","183"
"649","Colombia","1133"
"650","Colombia","1132"
"651","Colombia","165"
"652","Colombia","176"
"653","Colombia","177"
"654","Colombia","178"
"655","Colombia","179"
"656","Colombia","180"
"657","Colombia","1148"
"658","Colombia","155"
"659","Colombia","1131"
"660","Colombia","162"
"661","Colombia","1130"
"662","Colombia","1129"
"663","Colombia","1128"
"664","Colombia","1127"
"665","Colombia","1145"
"666","Colombia","150"
"667","Colombia","156"
"668","Colombia","171"
"669","Colombia","1034"
"670","Colombia","1122"
"671","Colombia","1124"
"672","Colombia","1121"
"673","Colombia","1120"
"674","Colombia","1119"
"675","Colombia","1118"
"676","Colombia","1117"
"677","Colombia","148"
"678","Colombia","919"
"679","Colombia","147"
"680","Colombia","173"
"681","Colombia","1111"
"682","Colombia","1110"
"683","Colombia","1341"
"684","Colombia","1109"
"685","Colombia","164"
"686","Colombia","1108"
"687","Colombia","1107"
"688","Colombia","1106"
"689","Colombia","1105"
"690","Colombia","1104"
"691","Colombia","1103"
"692","Colombia","1102"
"693","Colombia","163"
"694","Colombia","1101"
"695","Colombia","1100"
"696","Colombia","166"
"697","Colombia","151"
"698","Colombia","158"
"699","Colombia","1098"
"700","Colombia","149"
"701","Colombia","1093"
"702","Colombia","1092"
"703","Colombia","152"
"704","Colombia","1096"
"705","Colombia","1091"
"706","Colombia","1094"
"707","Colombia","1095"
"708","Colombia","1099"
"709","Colombia","1090"
"710","Colombia","1089"
"711","Colombia","1088"
"712","Colombia","1097"
"713","Colombia","920"
"714","Colombia","168"
"715","Colombia","1083"
"716","Venezuela","1083"
"717","Comoros","801"
"718","Anjouan","801"
"719","Comoros","618"
"720","Anjouan","618"
"721","Comoros","1334"
"722","Anjouan","1334"
"723","Comoros","1715"
"724","Anjouan","1715"
"725","Comoros","621"
"726","Anjouan","621"
"727","Comoros","619"
"728","Anjouan","619"
"729","Comoros","620"
"730","Anjouan","620"
"731","Comoros","1035"
"732","Anjouan","1035"
"733","Costa Rica","887"
"734","El Salvador","887"
"735","Guatemala","887"
"736","Honduras","887"
"737","Nicaragua","887"
"738","Cote d'Ivoire","720"
"739","Cote d'Ivoire","674"
"740","Cote d'Ivoire","673"
"741","Cote d'Ivoire","1261"
"742","Cote d'Ivoire","119"
"743","Cote d'Ivoire","701"
"744","Cote d'Ivoire","536"
"745","Cote d'Ivoire","363"
"746","Cote d'Ivoire","489"
"747","Cote d'Ivoire","210"
"748","Cote d'Ivoire","421"
"749","Cote d'Ivoire","200"
"750","Cote d'Ivoire","195"
"751","Cote d'Ivoire","473"
"752","Cote d'Ivoire","436"
"753","Cote d'Ivoire","1053"
"754","Cote d'Ivoire","208"
"755","Cote d'Ivoire","199"
"756","Cote d'Ivoire","540"
"757","Croatia","1229"
"758","Slovenia","1229"
"759","Yugoslavia former","1229"
"760","Croatia","422"
"761","Slovenia","422"
"762","Yugoslavia former","422"
"763","Croatia","1220"
"764","Yugoslavia former","1220"
"765","Croatia","1219"
"766","Yugoslavia former","1219"
"767","Croatia","287"
"768","Yugoslavia former","287"
"769","Croatia","1218"
"770","Yugoslavia former","1218"
"771","Croatia","1217"
"772","Yugoslavia former","1217"
"773","Croatia","563"
"774","Yugoslavia former","563"
"775","Croatia","1181"
"776","Yugoslavia former","1181"
"777","Croatia","1468"
"778","Yugoslavia former","1468"
"779","Croatia","1215"
"780","Yugoslavia former","1215"
"781","Croatia","1200"
"782","Yugoslavia former","1200"
"783","Croatia","324"
"784","Yugoslavia former","324"
"785","Croatia","1875"
"786","Yugoslavia former","1875"
"787","Croatia","1464"
"788","Yugoslavia former","1464"
"789","Croatia","1463"
"790","Yugoslavia former","1463"
"791","Croatia","1462"
"792","Yugoslavia former","1462"
"793","Croatia","1938"
"794","Yugoslavia former","1938"
"795","Croatia","1461"
"796","Yugoslavia former","1461"
"797","Croatia","1460"
"798","Yugoslavia former","1460"
"799","Croatia","1459"
"800","Yugoslavia former","1459"
"801","Croatia","1458"
"802","Yugoslavia former","1458"
"803","Croatia","1295"
"804","Yugoslavia former","1295"
"805","Croatia","1851"
"806","Yugoslavia former","1851"
"807","Croatia","1882"
"808","Yugoslavia former","1882"
"809","Croatia","1019"
"810","Yugoslavia former","1019"
"811","Croatia","1880"
"812","Yugoslavia former","1880"
"813","Croatia","1888"
"814","Yugoslavia former","1888"
"815","Croatia","1457"
"816","Yugoslavia former","1457"
"817","Croatia","1456"
"818","Yugoslavia former","1456"
"819","Croatia","1455"
"820","Yugoslavia former","1455"
"821","Croatia","1173"
"822","Yugoslavia former","1173"
"823","Croatia","1454"
"824","Yugoslavia former","1454"
"825","Croatia","318"
"826","Yugoslavia former","318"
"827","Croatia","1453"
"828","Yugoslavia former","1453"
"829","Croatia","1651"
"830","Yugoslavia former","1651"
"831","Croatia","1650"
"832","Yugoslavia former","1650"
"833","Croatia","1649"
"834","Yugoslavia former","1649"
"835","Croatia","1879"
"836","Yugoslavia former","1879"
"837","Croatia","1452"
"838","Yugoslavia former","1452"
"839","Croatia","1451"
"840","Yugoslavia former","1451"
"841","Croatia","1648"
"842","Yugoslavia former","1648"
"843","Croatia","1450"
"844","Yugoslavia former","1450"
"845","Croatia","1449"
"846","Yugoslavia former","1449"
"847","Croatia","1647"
"848","Yugoslavia former","1647"
"849","Croatia","1448"
"850","Yugoslavia former","1448"
"851","Democratic Republic of Congo","1913"
"852","Democratic Republic of Congo","2133"
"853","Democratic Republic of Congo","793"
"854","Democratic Republic of Congo","788"
"855","Democratic Republic of Congo","722"
"856","Democratic Republic of Congo","1190"
"857","Democratic Republic of Congo","671"
"858","Democratic Republic of Congo","672"
"859","Democratic Republic of Congo","893"
"860","Democratic Republic of Congo","895"
"861","Democratic Republic of Congo","896"
"862","Democratic Republic of Congo","894"
"863","Democratic Republic of Congo","404"
"864","Democratic Republic of Congo","1303"
"865","Democratic Republic of Congo","455"
"866","Democratic Republic of Congo","394"
"867","Democratic Republic of Congo","623"
"868","Democratic Republic of Congo","213"
"869","Democratic Republic of Congo","356"
"870","Democratic Republic of Congo","319"
"871","Democratic Republic of Congo","1043"
"872","Democratic Republic of Congo","477"
"873","Rwanda","477"
"874","Democratic Republic of Congo","1194"
"875","Rwanda","1194"
"876","Democratic Republic of Congo","675"
"877","Rwanda","675"
"878","African Great Lakes","675"
"879","Democratic Republic of Congo","1193"
"880","Uganda","1193"
"881","Democratic Republic of Congo","1236"
"882","Uganda","1236"
"883","Democratic Republic of Congo","236"
"884","Uganda","236"
"885","Djibouti","624"
"886","Djibouti","197"
"887","Djibouti","245"
"888","Djibouti","721"
"889","Eritrea","721"
"890","East Timor","604"
"891","East Timor","4"
"892","East Timor","294"
"893","East Timor","372"
"894","East Timor","367"
"895","Ecuador","141"
"896","Peru","141"
"897","Ecuador","212"
"898","Peru","212"
"899","Ecuador","625"
"900","Peru","625"
"901","Ecuador","626"
"902","Peru","626"
"903","Ecuador","923"
"904","Peru","923"
"905","Ecuador","1445"
"906","Peru","1445"
"907","Ecuador","143"
"908","Peru","143"
"909","Ecuador","924"
"910","Peru","924"
"911","Ecuador","1444"
"912","Peru","1444"
"913","Ecuador","927"
"914","Peru","927"
"915","Ecuador","925"
"916","Peru","925"
"917","Ecuador","926"
"918","Peru","926"
"919","Ecuador","353"
"920","Peru","353"
"921","Ecuador","352"
"922","Peru","352"
"923","El Salvador","424"
"924","El Salvador","593"
"925","El Salvador","246"
"926","El Salvador","552"
"927","El Salvador","332"
"928","El Salvador","474"
"929","El Salvador","1020"
"930","El Salvador","465"
"931","El Salvador","467"
"932","El Salvador","601"
"933","El Salvador","456"
"934","El Salvador","265"
"935","El Salvador","387"
"936","El Salvador","393"
"937","Eritrea","2098"
"938","Ethiopia","2098"
"939","Eritrea","2097"
"940","Ethiopia","2097"
"941","Eritrea","221"
"942","Ethiopia","221"
"943","Eritrea","261"
"944","Ethiopia","261"
"945","Eritrea","554"
"946","Ethiopia","554"
"947","Eritrea","1290"
"948","Ethiopia","1290"
"949","Eritrea","471"
"950","Ethiopia","471"
"951","Eritrea","599"
"952","Ethiopia","599"
"953","Eritrea","2099"
"954","Ethiopia","2099"
"955","Somalia","2099"
"956","Ogaden","2099"
"957","Eritrea","2100"
"958","Somalia","2100"
"959","Eritrea","627"
"960","Sudan","627"
"961","Ethiopia","1300"
"962","Ethiopia","2047"
"963","Kenya","2047"
"964","Ethiopia","2231"
"965","Ogaden","2231"
"966","Ethiopia","1082"
"967","Ogaden","1082"
"968","Ethiopia","2037"
"969","Ogaden","2037"
"970","Ethiopia","1080"
"971","Ogaden","1080"
"972","France","1887"
"973","Germany","1887"
"974","Russia","1887"
"975","United Kingdom","1887"
"976","United States of America","1887"
"977","Gabon","8"
"978","Georgia","725"
"979","Abkhazia","725"
"980","Georgia","1059"
"981","Abkhazia","1059"
"982","Georgia","1056"
"983","Abkhazia","1056"
"984","Georgia","1511"
"985","Abkhazia","1511"
"986","Georgia","609"
"987","Abkhazia","609"
"988","Georgia","1510"
"989","Abkhazia","1510"
"990","Georgia","412"
"991","Abkhazia","412"
"992","Georgia","25"
"993","Abkhazia","25"
"994","Georgia","24"
"995","Abkhazia","24"
"996","Georgia","307"
"997","Abkhazia","307"
"998","Georgia","23"
"999","Abkhazia","23"
"1000","Georgia","22"
"1001","Abkhazia","22"
"1002","Georgia","21"
"1003","Abkhazia","21"
"1004","Georgia","20"
"1005","Abkhazia","20"
"1006","Georgia","19"
"1007","Abkhazia","19"
"1008","Georgia","18"
"1009","Abkhazia","18"
"1010","Georgia","17"
"1011","Abkhazia","17"
"1012","Georgia","525"
"1013","Abkhazia","525"
"1014","Georgia","342"
"1015","Abkhazia","342"
"1016","Georgia","546"
"1017","Abkhazia","546"
"1018","Georgia","9"
"1019","Abkhazia","9"
"1020","Georgia","603"
"1021","Abkhazia","603"
"1022","Georgia","247"
"1023","Abkhazia","247"
"1024","Georgia","492"
"1025","Abkhazia","492"
"1026","Georgia","361"
"1027","Abkhazia","361"
"1028","Georgia","13"
"1029","Abkhazia","13"
"1030","Georgia","12"
"1031","Abkhazia","12"
"1032","Georgia","1693"
"1033","Abkhazia","1693"
"1034","Georgia","249"
"1035","Abkhazia","249"
"1036","Georgia","1025"
"1037","Abkhazia","1025"
"1038","Georgia","724"
"1039","Abkhazia","724"
"1040","Ossetia","724"
"1041","Georgia","1804"
"1042","Ossetia","1804"
"1043","Georgia","1780"
"1044","Russia","1780"
"1045","Abkhazia","1780"
"1046","Georgia","1781"
"1047","Russia","1781"
"1048","Abkhazia","1781"
"1049","Georgia","1779"
"1050","Russia","1779"
"1051","Abkhazia","1779"
"1052","Georgia","1778"
"1053","Russia","1778"
"1054","Abkhazia","1778"
"1055","Georgia","1777"
"1056","Russia","1777"
"1057","Abkhazia","1777"
"1058","Georgia","1776"
"1059","Russia","1776"
"1060","Abkhazia","1776"
"1061","Georgia","1775"
"1062","Russia","1775"
"1063","Abkhazia","1775"
"1064","Georgia","1774"
"1065","Russia","1774"
"1066","Abkhazia","1774"
"1067","Georgia","1785"
"1068","Russia","1785"
"1069","Abkhazia","1785"
"1070","Georgia","1773"
"1071","Russia","1773"
"1072","Abkhazia","1773"
"1073","Georgia","1794"
"1074","Russia","1794"
"1075","Abkhazia","1794"
"1076","Georgia","1795"
"1077","Russia","1795"
"1078","Abkhazia","1795"
"1079","Georgia","1803"
"1080","Russia","1803"
"1081","Abkhazia","1803"
"1082","Georgia","1704"
"1083","Russia","1704"
"1084","Abkhazia","1704"
"1085","Georgia","1784"
"1086","Russia","1784"
"1087","Abkhazia","1784"
"1088","Georgia","1783"
"1089","Russia","1783"
"1090","Abkhazia","1783"
"1091","Georgia","1782"
"1092","Russia","1782"
"1093","Abkhazia","1782"
"1094","Georgia","524"
"1095","Russia","524"
"1096","Abkhazia","524"
"1097","Georgia","1026"
"1098","Russia","1026"
"1099","Abkhazia","1026"
"1100","Georgia","10"
"1101","Russia","10"
"1102","Abkhazia","10"
"1103","Georgia","1698"
"1104","Russia","1698"
"1105","Ossetia","1698"
"1106","Georgia","1697"
"1107","Russia","1697"
"1108","Ossetia","1697"
"1109","Georgia","1696"
"1110","Russia","1696"
"1111","Ossetia","1696"
"1112","Georgia","1695"
"1113","Russia","1695"
"1114","Ossetia","1695"
"1115","Georgia","1694"
"1116","Russia","1694"
"1117","Ossetia","1694"
"1118","Georgia","1703"
"1119","Russia","1703"
"1120","Ossetia","1703"
"1121","Georgia","1031"
"1122","Russia","1031"
"1123","Ossetia","1031"
"1124","Georgia","1029"
"1125","Russia","1029"
"1126","Ossetia","1029"
"1127","Georgia","1707"
"1128","Russia","1707"
"1129","Ossetia","1707"
"1130","Georgia","1701"
"1131","Russia","1701"
"1132","Ossetia","1701"
"1133","Georgia","1700"
"1134","Russia","1700"
"1135","Ossetia","1700"
"1136","Georgia","1699"
"1137","Russia","1699"
"1138","Ossetia","1699"
"1139","Guatemala","254"
"1140","Guatemala","284"
"1141","Guatemala","278"
"1142","Guatemala","263"
"1143","Guatemala","253"
"1144","Guatemala","292"
"1145","Guatemala","291"
"1146","Guatemala","283"
"1147","Guatemala","296"
"1148","Guatemala","273"
"1149","Guatemala","334"
"1150","Guatemala","258"
"1151","Guatemala","382"
"1152","Guatemala","383"
"1153","Guatemala","289"
"1154","Guatemala","255"
"1155","Guatemala","704"
"1156","Guatemala","309"
"1157","Guinea","1915"
"1158","Guinea","763"
"1159","Guinea-Bissau","79"
"1160","Guinea-Bissau","218"
"1161","Guinea-Bissau","185"
"1162","Guinea-Bissau","323"
"1163","Guinea-Bissau","329"
"1164","Guinea-Bissau","1040"
"1165","Haiti","1805"
"1166","Haiti","27"
"1167","Haiti","29"
"1168","Haiti","28"
"1169","Honduras","1940"
"1170","Honduras","845"
"1171","India","1838"
"1172","Assam","1838"
"1173","India","652"
"1174","Bodoland","652"
"1175","India","1047"
"1176","Bodoland","1047"
"1177","India","30"
"1178","Bodoland","30"
"1179","India","1716"
"1180","Darjeeling","1716"
"1181","India","1717"
"1182","Darjeeling","1717"
"1183","India","1292"
"1184","Darjeeling","1292"
"1185","India","1835"
"1186","Manipur","1835"
"1187","India","1836"
"1188","Mizoram","1836"
"1189","India","1837"
"1190","Mizoram","1837"
"1191","India","31"
"1192","Mizoram","31"
"1193","India","1057"
"1194","Nagaland","1057"
"1195","India","1834"
"1196","Nagaland","1834"
"1197","India","1833"
"1198","Nagaland","1833"
"1199","India","1832"
"1200","Nagaland","1832"
"1201","India","1049"
"1202","Nagaland","1049"
"1203","India","1839"
"1204","Nagaland","1839"
"1205","India","1524"
"1206","Pakistan","1524"
"1207","India","446"
"1208","Pakistan","446"
"1209","India","577"
"1210","Pakistan","577"
"1211","India","1291"
"1212","Pakistan","1291"
"1213","India","1443"
"1214","Pakistan","1443"
"1215","India","1522"
"1216","Pakistan","1522"
"1217","India","1523"
"1218","Pakistan","1523"
"1219","India","631"
"1220","Tripura","631"
"1221","Indonesia","450"
"1222","Aceh","450"
"1223","Indonesia","1689"
"1224","Aceh","1689"
"1225","Indonesia","325"
"1226","Aceh","325"
"1227","Indonesia","100"
"1228","Aceh","100"
"1229","Indonesia","101"
"1230","Aceh","101"
"1231","Indonesia","102"
"1232","Aceh","102"
"1233","Indonesia","103"
"1234","Aceh","103"
"1235","Indonesia","104"
"1236","Aceh","104"
"1237","Indonesia","105"
"1238","Aceh","105"
"1239","Indonesia","106"
"1240","Aceh","106"
"1241","Indonesia","107"
"1242","Aceh","107"
"1243","Indonesia","108"
"1244","Aceh","108"
"1245","Indonesia","1196"
"1246","Aceh","1196"
"1247","Indonesia","109"
"1248","Aceh","109"
"1249","Indonesia","110"
"1250","Aceh","110"
"1251","Indonesia","111"
"1252","Aceh","111"
"1253","Indonesia","112"
"1254","Aceh","112"
"1255","Indonesia","113"
"1256","Aceh","113"
"1257","Indonesia","114"
"1258","Aceh","114"
"1259","Indonesia","579"
"1260","Moluccas","579"
"1261","Indonesia","442"
"1262","Moluccas","442"
"1263","Indonesia","241"
"1264","Portugal","241"
"1265","East Timor","241"
"1266","Iraq","343"
"1267","Iraq","1243"
"1268","Iraq","682"
"1269","Iraq","1422"
"1270","Iraq","1423"
"1271","Iraq","723"
"1272","Kurds-Kurdistan","723"
"1273","Iraq","678"
"1274","Kurds-Kurdistan","678"
"1275","Iraq","538"
"1276","Kuwait","538"
"1277","Iraq","32"
"1278","United Nations","32"
"1279","Iraq","452"
"1280","United Nations","452"
"1281","Iraq","1577"
"1282","United States of America","1577"
"1283","Ireland","1801"
"1284","United Kingdom","1801"
"1285","Northern Ireland","1801"
"1286","Ireland","1435"
"1287","United Kingdom","1435"
"1288","Northern Ireland","1435"
"1289","Ireland","904"
"1290","United Kingdom","904"
"1291","Northern Ireland","904"
"1292","Ireland","903"
"1293","United Kingdom","903"
"1294","Northern Ireland","903"
"1295","Ireland","764"
"1296","United Kingdom","764"
"1297","Northern Ireland","764"
"1298","Ireland","126"
"1299","United Kingdom","126"
"1300","Northern Ireland","126"
"1301","Ireland","122"
"1302","United Kingdom","122"
"1303","Northern Ireland","122"
"1304","Ireland","123"
"1305","United Kingdom","123"
"1306","Northern Ireland","123"
"1307","Ireland","124"
"1308","United Kingdom","124"
"1309","Northern Ireland","124"
"1310","Ireland","135"
"1311","United Kingdom","135"
"1312","Northern Ireland","135"
"1313","Ireland","132"
"1314","United Kingdom","132"
"1315","Northern Ireland","132"
"1316","Ireland","134"
"1317","United Kingdom","134"
"1318","Northern Ireland","134"
"1319","Ireland","125"
"1320","United Kingdom","125"
"1321","Northern Ireland","125"
"1322","Ireland","1267"
"1323","United Kingdom","1267"
"1324","Northern Ireland","1267"
"1325","Ireland","1269"
"1326","United Kingdom","1269"
"1327","Northern Ireland","1269"
"1328","Ireland","1270"
"1329","United Kingdom","1270"
"1330","Northern Ireland","1270"
"1331","Ireland","1268"
"1332","United Kingdom","1268"
"1333","Northern Ireland","1268"
"1334","Ireland","121"
"1335","United Kingdom","121"
"1336","Northern Ireland","121"
"1337","Ireland","131"
"1338","United Kingdom","131"
"1339","Northern Ireland","131"
"1340","Ireland","130"
"1341","United Kingdom","130"
"1342","Northern Ireland","130"
"1343","Ireland","982"
"1344","United Kingdom","982"
"1345","Northern Ireland","982"
"1346","Ireland","1266"
"1347","United Kingdom","1266"
"1348","Northern Ireland","1266"
"1349","Ireland","556"
"1350","United Kingdom","556"
"1351","Northern Ireland","556"
"1352","Ireland","1251"
"1353","United Kingdom","1251"
"1354","Northern Ireland","1251"
"1355","Ireland","129"
"1356","United Kingdom","129"
"1357","Northern Ireland","129"
"1358","Ireland","1260"
"1359","United Kingdom","1260"
"1360","Northern Ireland","1260"
"1361","Ireland","1253"
"1362","United Kingdom","1253"
"1363","Northern Ireland","1253"
"1364","Ireland","1250"
"1365","United Kingdom","1250"
"1366","Northern Ireland","1250"
"1367","Ireland","136"
"1368","United Kingdom","136"
"1369","Northern Ireland","136"
"1370","Ireland","1259"
"1371","United Kingdom","1259"
"1372","Northern Ireland","1259"
"1373","Ireland","128"
"1374","United Kingdom","128"
"1375","Northern Ireland","128"
"1376","Ireland","1258"
"1377","United Kingdom","1258"
"1378","Northern Ireland","1258"
"1379","Ireland","1257"
"1380","United Kingdom","1257"
"1381","Northern Ireland","1257"
"1382","Ireland","127"
"1383","United Kingdom","127"
"1384","Northern Ireland","127"
"1385","Israel","360"
"1386","Jordan","360"
"1387","Palestine","360"
"1388","Israel","594"
"1389","Jordan","594"
"1390","Palestine","594"
"1391","Israel","591"
"1392","Jordan","591"
"1393","Palestine","591"
"1394","Israel","222"
"1395","Jordan","222"
"1396","Palestine","222"
"1397","Israel","537"
"1398","Lebanon","537"
"1399","Israel","411"
"1400","Lebanon","411"
"1401","Israel","787"
"1402","Palestine","787"
"1403","Israel","1072"
"1404","Palestine","1072"
"1405","Israel","138"
"1406","Palestine","138"
"1407","Israel","139"
"1408","Palestine","139"
"1409","Israel","192"
"1410","Palestine","192"
"1411","Israel","1514"
"1412","Palestine","1514"
"1413","Israel","501"
"1414","Palestine","501"
"1415","Israel","587"
"1416","Palestine","587"
"1417","Israel","592"
"1418","Palestine","592"
"1419","Israel","277"
"1420","Palestine","277"
"1421","Israel","500"
"1422","Palestine","500"
"1423","Israel","1246"
"1424","Palestine","1246"
"1425","Israel","293"
"1426","Palestine","293"
"1427","Israel","410"
"1428","Palestine","410"
"1429","Israel","983"
"1430","Palestine","983"
"1431","Israel","984"
"1432","Palestine","984"
"1433","Israel","985"
"1434","Palestine","985"
"1435","Israel","986"
"1436","Palestine","986"
"1437","Israel","987"
"1438","Palestine","987"
"1439","Israel","988"
"1440","Palestine","988"
"1441","Israel","989"
"1442","Palestine","989"
"1443","Israel","35"
"1444","Palestine","35"
"1445","Israel","271"
"1446","Palestine","271"
"1447","Israel","281"
"1448","Palestine","281"
"1449","Israel","1513"
"1450","Palestine","1513"
"1451","Israel","36"
"1452","Palestine","36"
"1453","Israel","357"
"1454","Palestine","357"
"1455","Israel","34"
"1456","Palestine","34"
"1457","Israel","33"
"1458","Palestine","33"
"1459","Kenya","2101"
"1460","Kenya","1910"
"1461","Kenya","1920"
"1462","Kenya","1919"
"1463","Kenya","1918"
"1464","Kenya","1950"
"1465","Kenya","1949"
"1466","Kenya","785"
"1467","Kenya","1948"
"1468","Kenya","1947"
"1469","Kenya","1945"
"1470","Kenya","1946"
"1471","Kenya","2052"
"1472","Kenya","1944"
"1473","Kenya","1943"
"1474","Kenya","688"
"1475","Kenya","690"
"1476","Kenya","691"
"1477","Kenya","831"
"1478","Kenya","693"
"1479","Kenya","832"
"1480","Kenya","726"
"1481","Kenya","696"
"1482","Kenya","1075"
"1483","Kenya","1233"
"1484","Kenya","1917"
"1485","Kenya","1916"
"1486","Kosovo","2032"
"1487","Serbia","2032"
"1488","Yugoslavia former","2032"
"1489","Kosovo","2031"
"1490","Serbia","2031"
"1491","Yugoslavia former","2031"
"1492","Kosovo","2030"
"1493","Serbia","2030"
"1494","Yugoslavia former","2030"
"1495","Kosovo","2026"
"1496","Serbia","2026"
"1497","Yugoslavia former","2026"
"1498","Kosovo","2028"
"1499","Serbia","2028"
"1500","Yugoslavia former","2028"
"1501","Kosovo","2029"
"1502","Serbia","2029"
"1503","Yugoslavia former","2029"
"1504","Kosovo","2027"
"1505","Serbia","2027"
"1506","Yugoslavia former","2027"
"1507","Kosovo","2025"
"1508","Serbia","2025"
"1509","Yugoslavia former","2025"
"1510","Kosovo","2024"
"1511","Serbia","2024"
"1512","Yugoslavia former","2024"
"1513","Kosovo","2023"
"1514","Serbia","2023"
"1515","Yugoslavia former","2023"
"1516","Kosovo","2022"
"1517","Serbia","2022"
"1518","Yugoslavia former","2022"
"1519","Kosovo","2021"
"1520","Serbia","2021"
"1521","Yugoslavia former","2021"
"1522","Kosovo","2020"
"1523","Serbia","2020"
"1524","Yugoslavia former","2020"
"1525","Kosovo","2017"
"1526","Serbia","2017"
"1527","Yugoslavia former","2017"
"1528","Kosovo","2018"
"1529","Serbia","2018"
"1530","Yugoslavia former","2018"
"1531","Kosovo","2019"
"1532","Serbia","2019"
"1533","Yugoslavia former","2019"
"1534","Kosovo","2015"
"1535","Serbia","2015"
"1536","Yugoslavia former","2015"
"1537","Kosovo","2016"
"1538","Serbia","2016"
"1539","Yugoslavia former","2016"
"1540","Kosovo","602"
"1541","Serbia","602"
"1542","Yugoslavia former","602"
"1543","Kosovo","5"
"1544","Serbia","5"
"1545","Yugoslavia former","5"
"1546","Kosovo","457"
"1547","Serbia","457"
"1548","Yugoslavia former","457"
"1549","Kosovo","6"
"1550","Serbia","6"
"1551","Yugoslavia former","6"
"1552","Kosovo","405"
"1553","Serbia","405"
"1554","Yugoslavia former","405"
"1555","Kosovo","1221"
"1556","Serbia","1221"
"1557","Yugoslavia former","1221"
"1558","Kurds-Kurdistan","1894"
"1559","Lebanon","2134"
"1560","Lebanon","729"
"1561","Lebanon","1262"
"1562","Lebanon","1840"
"1563","Syria","1840"
"1564","Lebanon","1018"
"1565","Syria","1018"
"1566","Lesotho","1661"
"1567","Lesotho","1662"
"1568","Lesotho","730"
"1569","Lesotho","1042"
"1570","Lesotho","1660"
"1571","Liberia","338"
"1572","Liberia","259"
"1573","Liberia","1315"
"1574","Liberia","551"
"1575","Liberia","1314"
"1576","Liberia","194"
"1577","Liberia","209"
"1578","Liberia","279"
"1579","Liberia","304"
"1580","Liberia","346"
"1581","Liberia","1313"
"1582","Liberia","41"
"1583","Liberia","564"
"1584","Liberia","40"
"1585","Liberia","39"
"1586","Liberia","38"
"1587","Liberia","1312"
"1588","Liberia","1242"
"1589","Liberia","1041"
"1590","Liberia","633"
"1591","Liberia","634"
"1592","Liberia","1565"
"1593","Liberia","1309"
"1594","Liberia","1310"
"1595","Liberia","1311"
"1596","Liberia","635"
"1597","Liberia","1305"
"1598","Liberia","1306"
"1599","Liberia","1308"
"1600","Liberia","1307"
"1601","Libya","2217"
"1602","Libya","2230"
"1603","Libya","2143"
"1604","Libya","2229"
"1605","Libya","2216"
"1606","Libya","2136"
"1607","Libya","2224"
"1608","Libya","2175"
"1609","Libya","2137"
"1610","Libya","2138"
"1611","Libya","2140"
"1612","Libya","2223"
"1613","Libya","2141"
"1614","Libya","2221"
"1615","Libya","2102"
"1616","Libya","2139"
"1617","Libya","2142"
"1618","Libya","2012"
"1619","Libya","1955"
"1620","Libya","2222"
"1621","Libya","1954"
"1622","Libya","1952"
"1623","Libya","1951"
"1624","Libya","1953"
"1625","Libya","2011"
"1626","Libya","2079"
"1627","Libya","1973"
"1628","Libya","2078"
"1629","Libya","2013"
"1630","Libya","1566"
"1631","Libya","1956"
"1632","Libya","1370"
"1633","Libya","1512"
"1634","Libya","1427"
"1635","Libya","2219"
"1636","Libya","2220"
"1637","Libya","1892"
"1638","Libya","2076"
"1639","Libya","728"
"1640","Macedonia","381"
"1641","Yugoslavia former","381"
"1642","Madagascar","768"
"1643","Madagascar","833"
"1644","Madagascar","834"
"1645","Madagascar","836"
"1646","Madagascar","835"
"1647","Madagascar","837"
"1648","Madagascar","839"
"1649","Madagascar","840"
"1650","Madagascar","2069"
"1651","Madagascar","2049"
"1652","Madagascar","2048"
"1653","Mali","2237"
"1654","Mali","2247"
"1655","Mali","2146"
"1656","Mali","2177"
"1657","Mali","1542"
"1658","Azawad","1542"
"1659","Mali","1365"
"1660","Azawad","1365"
"1661","Mali","1366"
"1662","Azawad","1366"
"1663","Mali","1367"
"1664","Azawad","1367"
"1665","Mali","1568"
"1666","Azawad","1568"
"1667","Mali","1571"
"1668","Azawad","1571"
"1669","Mali","1572"
"1670","Azawad","1572"
"1671","Mali","1426"
"1672","Azawad","1426"
"1673","Mali","1575"
"1674","Azawad","1575"
"1675","Mali","1576"
"1676","Azawad","1576"
"1677","Mali","1574"
"1678","Azawad","1574"
"1679","Mali","1573"
"1680","Azawad","1573"
"1681","Mali","816"
"1682","Azawad","816"
"1683","Mali","813"
"1684","Azawad","813"
"1685","Mali","814"
"1686","Azawad","814"
"1687","Mali","808"
"1688","Azawad","808"
"1689","Mali","1263"
"1690","Azawad","1263"
"1691","Mali","637"
"1692","Azawad","637"
"1693","Mali","206"
"1694","Azawad","206"
"1695","Mali","2240"
"1696","Niger","2240"
"1697","Mexico","214"
"1698","Mexico","327"
"1699","Mexico","425"
"1700","Mexico","426"
"1701","Mexico","226"
"1702","Mexico","523"
"1703","Moldova","43"
"1704","Russia","43"
"1705","Transdniestria","43"
"1706","Moldova","42"
"1707","Russia","42"
"1708","Transdniestria","42"
"1709","Moldova","1604"
"1710","Russia","1604"
"1711","Transdniestria","1604"
"1712","Moldova","1024"
"1713","Russia","1024"
"1714","Transdniestria","1024"
"1715","Moldova","1957"
"1716","Transdniestria","1957"
"1717","Moldova","454"
"1718","Transdniestria","454"
"1719","Morocco","732"
"1720","Western Sahara","732"
"1721","Morocco","689"
"1722","Western Sahara","689"
"1723","Morocco","698"
"1724","Western Sahara","698"
"1725","Morocco","697"
"1726","Western Sahara","697"
"1727","Morocco","700"
"1728","Western Sahara","700"
"1729","Morocco","1301"
"1730","Western Sahara","1301"
"1731","Morocco","188"
"1732","Western Sahara","188"
"1733","Morocco","340"
"1734","Western Sahara","340"
"1735","Morocco","339"
"1736","Western Sahara","339"
"1737","Morocco","118"
"1738","Western Sahara","118"
"1739","Morocco","1247"
"1740","Western Sahara","1247"
"1741","Mozambique","1517"
"1742","Mozambique","1079"
"1743","Mozambique","819"
"1744","Mozambique","1078"
"1745","Mozambique","392"
"1746","Mozambique","420"
"1747","Mozambique","354"
"1748","Mozambique","495"
"1749","Mozambique","494"
"1750","Mozambique","493"
"1751","Mozambique","46"
"1752","Mozambique","256"
"1753","Mozambique","419"
"1754","Myanmar","1544"
"1755","Myanmar","1436"
"1756","Myanmar","1519"
"1757","Myanmar","1545"
"1758","Myanmar","1518"
"1759","Myanmar","1599"
"1760","Myanmar","1841"
"1761","Myanmar","1546"
"1762","Myanmar","1550"
"1763","Myanmar","1581"
"1764","Myanmar","1580"
"1765","Myanmar","1563"
"1766","Myanmar","1321"
"1767","Myanmar","1603"
"1768","Myanmar","1579"
"1769","Myanmar","1561"
"1770","Myanmar","1551"
"1771","Myanmar","1558"
"1772","Myanmar","1564"
"1773","Myanmar","776"
"1774","Myanmar","1557"
"1775","Myanmar","775"
"1776","Myanmar","774"
"1777","Myanmar","773"
"1778","Myanmar","1562"
"1779","Myanmar","1560"
"1780","Myanmar","1553"
"1781","Myanmar","771"
"1782","Myanmar","770"
"1783","Myanmar","1555"
"1784","Myanmar","769"
"1785","Myanmar","1578"
"1786","Myanmar","1559"
"1787","Myanmar","1552"
"1788","Myanmar","1582"
"1789","Namibia","596"
"1790","South Africa","596"
"1791","Namibia","285"
"1792","South Africa","285"
"1793","Namibia","224"
"1794","South Africa","224"
"1795","Namibia","1248"
"1796","South Africa","1248"
"1797","Nepal","1361"
"1798","Nepal","1342"
"1799","Nepal","733"
"1800","Nepal","1799"
"1801","Nepal","1798"
"1802","Nepal","1797"
"1803","Nepal","1760"
"1804","Nepal","1768"
"1805","Nepal","1767"
"1806","Nepal","1766"
"1807","Nepal","1765"
"1808","Nepal","1764"
"1809","Nepal","1763"
"1810","Nepal","1762"
"1811","Nepal","1761"
"1812","Nepal","1759"
"1813","Nepal","1758"
"1814","Nepal","1757"
"1815","Nepal","1755"
"1816","Nepal","1756"
"1817","Nepal","1754"
"1818","Nepal","1753"
"1819","Nepal","1752"
"1820","Nepal","1751"
"1821","Nepal","1750"
"1822","Nepal","1749"
"1823","Nepal","1748"
"1824","Nepal","1747"
"1825","Nepal","1746"
"1826","Nepal","1744"
"1827","Nepal","1745"
"1828","Nepal","1322"
"1829","Nepal","88"
"1830","Nepal","1325"
"1831","Nepal","89"
"1832","Nepal","333"
"1833","Nepal","87"
"1834","Nepal","1331"
"1835","Nepal","1327"
"1836","Nepal","1328"
"1837","Nepal","1330"
"1838","Nepal","1329"
"1839","Nepal","1326"
"1840","Nepal","1324"
"1841","Nepal","86"
"1842","Nepal","1063"
"1843","Nepal","85"
"1844","Nepal","1769"
"1845","Nepal","1323"
"1846","Nepal","1064"
"1847","Nepal","899"
"1848","Nicaragua","921"
"1849","Nicaragua","1086"
"1850","Nicaragua","578"
"1851","Nicaragua","375"
"1852","Nicaragua","215"
"1853","Nicaragua","366"
"1854","Nicaragua","589"
"1855","Niger","2135"
"1856","Niger","1521"
"1857","Air and Azawad","1521"
"1858","Niger","522"
"1859","Air and Azawad","522"
"1860","Niger","204"
"1861","Air and Azawad","204"
"1862","Niger","203"
"1863","Air and Azawad","203"
"1864","Nigeria","2233"
"1865","Nigeria","1911"
"1866","Nigeria","1959"
"1867","Nigeria","1921"
"1868","Nigeria","1922"
"1869","Nigeria","1958"
"1870","Plateau State","1958"
"1871","Nigeria","1536"
"1872","Plateau State","1536"
"1873","Nigeria","1901"
"1874","Plateau State","1901"
"1875","Nigeria","1898"
"1876","Plateau State","1898"
"1877","Nigeria","1897"
"1878","Plateau State","1897"
"1879","Nigeria","1900"
"1880","Southern Kaduna","1900"
"1881","North Korea","2105"
"1882","South Korea","2105"
"1883","North Korea","2104"
"1884","South Korea","2104"
"1885","North Korea","1073"
"1886","South Korea","1073"
"1887","North Korea","541"
"1888","South Korea","541"
"1889","North Korea","1231"
"1890","South Korea","1231"
"1891","North Korea","1232"
"1892","South Korea","1232"
"1893","North Korea","2106"
"1894","United States of America","2106"
"1895","North Korea","223"
"1896","United States of America","223"
"1897","North Korea","1960"
"1898","United States of America","1960"
"1899","Pakistan","735"
"1900","Taliban","735"
"1901","Pakistan","734"
"1902","Taliban","734"
"1903","Pakistan","1688"
"1904","Taliban","1688"
"1905","Pakistan","1530"
"1906","Taliban","1530"
"1907","Pakistan","1532"
"1908","Taliban","1532"
"1909","Pakistan","1531"
"1910","Taliban","1531"
"1911","Palestine","1969"
"1912","Palestine","1541"
"1913","Palestine","1411"
"1914","Palestine","1410"
"1915","Palestine","1409"
"1916","Palestine","1408"
"1917","Palestine","1407"
"1918","Palestine","1406"
"1919","Palestine","1417"
"1920","Palestine","1405"
"1921","Papua New Guinea","1902"
"1922","Bougainville","1902"
"1923","Papua New Guinea","312"
"1924","Bougainville","312"
"1925","Papua New Guinea","528"
"1926","Bougainville","528"
"1927","Papua New Guinea","586"
"1928","Bougainville","586"
"1929","Papua New Guinea","225"
"1930","Bougainville","225"
"1931","Papua New Guinea","386"
"1932","Bougainville","386"
"1933","Papua New Guinea","438"
"1934","Bougainville","438"
"1935","Papua New Guinea","572"
"1936","Bougainville","572"
"1937","Papua New Guinea","418"
"1938","Bougainville","418"
"1939","Papua New Guinea","571"
"1940","Bougainville","571"
"1941","Papua New Guinea","444"
"1942","Bougainville","444"
"1943","Papua New Guinea","370"
"1944","Bougainville","370"
"1945","Papua New Guinea","314"
"1946","Bougainville","314"
"1947","Papua New Guinea","557"
"1948","Bougainville","557"
"1949","Papua New Guinea","499"
"1950","Bougainville","499"
"1951","Papua New Guinea","437"
"1952","Bougainville","437"
"1953","Papua New Guinea","1036"
"1954","Bougainville","1036"
"1955","Papua New Guinea","1037"
"1956","Bougainville","1037"
"1957","Papua New Guinea","315"
"1958","Bougainville","315"
"1959","Papua New Guinea","561"
"1960","Bougainville","561"
"1961","Papua New Guinea","560"
"1962","Bougainville","560"
"1963","Papua New Guinea","447"
"1964","Bougainville","447"
"1965","Papua New Guinea","313"
"1966","Bougainville","313"
"1967","Papua New Guinea","316"
"1968","Bougainville","316"
"1969","Papua New Guinea","607"
"1970","Bougainville","607"
"1971","Papua New Guinea","326"
"1972","Bougainville","326"
"1973","Papua New Guinea","468"
"1974","Bougainville","468"
"1975","Papua New Guinea","232"
"1976","Bougainville","232"
"1977","Papua New Guinea","639"
"1978","Bougainville","639"
"1979","Papua New Guinea","588"
"1980","Bougainville","588"
"1981","Papua New Guinea","570"
"1982","Bougainville","570"
"1983","Papua New Guinea","1017"
"1984","Bougainville","1017"
"1985","Papua New Guinea","377"
"1986","Bougainville","377"
"1987","Papua New Guinea","295"
"1988","Bougainville","295"
"1989","Philippines","2261"
"1990","Philippines","2108"
"1991","Philippines","2107"
"1992","Philippines","2055"
"1993","Philippines","1979"
"1994","Philippines","1978"
"1995","Philippines","1976"
"1996","Philippines","1842"
"1997","Philippines","1971"
"1998","Philippines","1970"
"1999","Philippines","943"
"2000","Philippines","942"
"2001","Philippines","1058"
"2002","Philippines","98"
"2003","Philippines","99"
"2004","Philippines","936"
"2005","Philippines","1241"
"2006","Philippines","935"
"2007","Philippines","934"
"2008","Philippines","335"
"2009","Philippines","932"
"2010","Philippines","933"
"2011","Philippines","1038"
"2012","Philippines","1032"
"2013","Philippines","416"
"2014","Philippines","417"
"2015","Philippines","415"
"2016","Philippines","559"
"2017","Philippines","569"
"2018","Philippines","854"
"2019","Cordillera","854"
"2020","Philippines","2061"
"2021","Mindanao","2061"
"2022","Philippines","2129"
"2023","Mindanao","2129"
"2024","Philippines","2050"
"2025","Mindanao","2050"
"2026","Philippines","2059"
"2027","Mindanao","2059"
"2028","Philippines","2058"
"2029","Mindanao","2058"
"2030","Philippines","2057"
"2031","Mindanao","2057"
"2032","Philippines","2060"
"2033","Mindanao","2060"
"2034","Philippines","2054"
"2035","Mindanao","2054"
"2036","Philippines","1977"
"2037","Mindanao","1977"
"2038","Philippines","1975"
"2039","Mindanao","1975"
"2040","Philippines","1974"
"2041","Mindanao","1974"
"2042","Philippines","1353"
"2043","Mindanao","1353"
"2044","Philippines","1351"
"2045","Mindanao","1351"
"2046","Philippines","1352"
"2047","Mindanao","1352"
"2048","Philippines","1355"
"2049","Mindanao","1355"
"2050","Philippines","1350"
"2051","Mindanao","1350"
"2052","Philippines","1349"
"2053","Mindanao","1349"
"2054","Philippines","1348"
"2055","Mindanao","1348"
"2056","Philippines","881"
"2057","Mindanao","881"
"2058","Philippines","1345"
"2059","Mindanao","1345"
"2060","Philippines","1346"
"2061","Mindanao","1346"
"2062","Philippines","1347"
"2063","Mindanao","1347"
"2064","Philippines","882"
"2065","Mindanao","882"
"2066","Philippines","883"
"2067","Mindanao","883"
"2068","Philippines","868"
"2069","Mindanao","868"
"2070","Philippines","869"
"2071","Mindanao","869"
"2072","Philippines","870"
"2073","Mindanao","870"
"2074","Philippines","871"
"2075","Mindanao","871"
"2076","Philippines","872"
"2077","Mindanao","872"
"2078","Philippines","873"
"2079","Mindanao","873"
"2080","Philippines","874"
"2081","Mindanao","874"
"2082","Philippines","867"
"2083","Mindanao","867"
"2084","Philippines","866"
"2085","Mindanao","866"
"2086","Philippines","1015"
"2087","Mindanao","1015"
"2088","Philippines","1354"
"2089","Mindanao","1354"
"2090","Philippines","1005"
"2091","Mindanao","1005"
"2092","Philippines","1006"
"2093","Mindanao","1006"
"2094","Philippines","738"
"2095","Mindanao","738"
"2096","Philippines","1004"
"2097","Mindanao","1004"
"2098","Philippines","1003"
"2099","Mindanao","1003"
"2100","Philippines","665"
"2101","Mindanao","665"
"2102","Philippines","666"
"2103","Mindanao","666"
"2104","Philippines","1002"
"2105","Mindanao","1002"
"2106","Philippines","1001"
"2107","Mindanao","1001"
"2108","Philippines","660"
"2109","Mindanao","660"
"2110","Philippines","737"
"2111","Mindanao","737"
"2112","Philippines","841"
"2113","Mindanao","841"
"2114","Philippines","999"
"2115","Mindanao","999"
"2116","Philippines","1000"
"2117","Mindanao","1000"
"2118","Philippines","998"
"2119","Mindanao","998"
"2120","Philippines","1074"
"2121","Mindanao","1074"
"2122","Philippines","997"
"2123","Mindanao","997"
"2124","Philippines","664"
"2125","Mindanao","664"
"2126","Philippines","996"
"2127","Mindanao","996"
"2128","Philippines","1972"
"2129","Mindanao","1972"
"2130","Philippines","995"
"2131","Mindanao","995"
"2132","Philippines","992"
"2133","Mindanao","992"
"2134","Philippines","994"
"2135","Mindanao","994"
"2136","Philippines","980"
"2137","Mindanao","980"
"2138","Philippines","979"
"2139","Mindanao","979"
"2140","Philippines","991"
"2141","Mindanao","991"
"2142","Philippines","993"
"2143","Mindanao","993"
"2144","Philippines","663"
"2145","Mindanao","663"
"2146","Philippines","977"
"2147","Mindanao","977"
"2148","Philippines","975"
"2149","Mindanao","975"
"2150","Philippines","662"
"2151","Mindanao","662"
"2152","Philippines","974"
"2153","Mindanao","974"
"2154","Philippines","973"
"2155","Mindanao","973"
"2156","Philippines","972"
"2157","Mindanao","972"
"2158","Philippines","661"
"2159","Mindanao","661"
"2160","Philippines","971"
"2161","Mindanao","971"
"2162","Philippines","191"
"2163","Mindanao","191"
"2164","Philippines","401"
"2165","Mindanao","401"
"2166","Philippines","190"
"2167","Mindanao","190"
"2168","Philippines","970"
"2169","Mindanao","970"
"2170","Philippines","402"
"2171","Mindanao","402"
"2172","Philippines","396"
"2173","Mindanao","396"
"2174","Philippines","269"
"2175","Mindanao","269"
"2176","Philippines","282"
"2177","Mindanao","282"
"2178","Philippines","968"
"2179","Mindanao","968"
"2180","Philippines","967"
"2181","Mindanao","967"
"2182","Philippines","966"
"2183","Mindanao","966"
"2184","Philippines","274"
"2185","Mindanao","274"
"2186","Philippines","965"
"2187","Mindanao","965"
"2188","Philippines","964"
"2189","Mindanao","964"
"2190","Philippines","963"
"2191","Mindanao","963"
"2192","Philippines","962"
"2193","Mindanao","962"
"2194","Philippines","961"
"2195","Mindanao","961"
"2196","Philippines","959"
"2197","Mindanao","959"
"2198","Philippines","659"
"2199","Mindanao","659"
"2200","Philippines","958"
"2201","Mindanao","958"
"2202","Philippines","957"
"2203","Mindanao","957"
"2204","Philippines","658"
"2205","Mindanao","658"
"2206","Philippines","955"
"2207","Mindanao","955"
"2208","Philippines","956"
"2209","Mindanao","956"
"2210","Philippines","954"
"2211","Mindanao","954"
"2212","Philippines","539"
"2213","Mindanao","539"
"2214","Philippines","529"
"2215","Mindanao","529"
"2216","Philippines","530"
"2217","Mindanao","530"
"2218","Philippines","657"
"2219","Mindanao","657"
"2220","Philippines","953"
"2221","Mindanao","953"
"2222","Philippines","189"
"2223","Mindanao","189"
"2224","Philippines","656"
"2225","Mindanao","656"
"2226","Philippines","655"
"2227","Mindanao","655"
"2228","Philippines","527"
"2229","Mindanao","527"
"2230","Philippines","952"
"2231","Mindanao","952"
"2232","Philippines","390"
"2233","Mindanao","390"
"2234","Philippines","951"
"2235","Mindanao","951"
"2236","Philippines","298"
"2237","Mindanao","298"
"2238","Philippines","654"
"2239","Mindanao","654"
"2240","Philippines","950"
"2241","Mindanao","950"
"2242","Philippines","297"
"2243","Mindanao","297"
"2244","Philippines","403"
"2245","Mindanao","403"
"2246","Philippines","949"
"2247","Mindanao","949"
"2248","Philippines","400"
"2249","Mindanao","400"
"2250","Philippines","242"
"2251","Mindanao","242"
"2252","Philippines","948"
"2253","Mindanao","948"
"2254","Philippines","244"
"2255","Mindanao","244"
"2256","Philippines","946"
"2257","Mindanao","946"
"2258","Philippines","947"
"2259","Mindanao","947"
"2260","Philippines","945"
"2261","Mindanao","945"
"2262","Philippines","406"
"2263","Mindanao","406"
"2264","Philippines","944"
"2265","Mindanao","944"
"2266","Philippines","479"
"2267","Mindanao","479"
"2268","Philippines","187"
"2269","Mindanao","187"
"2270","Philippines","545"
"2271","Mindanao","545"
"2272","Philippines","640"
"2273","Rebolusyonaryong Alyansang Makabansa SFP-YOU ","640"
"2274","Philippines","1052"
"2275","Rebolusyonaryong Partido ng Manggagawa-Pilipineas RPMP","1052"
"2276","RPA","1052"
"2277","ABB","1052"
"2278","Philippines","1051"
"2279","Rebolusyonaryong Partido ng Manggagawa-Pilipineas RPMP","1051"
"2280","RPA","1051"
"2281","ABB","1051"
"2282","Republic of Congo","1046"
"2283","Republic of Congo","201"
"2284","Republic of Congo","198"
"2285","Russia","1285"
"2286","Chechnya","1285"
"2287","Russia","481"
"2288","Chechnya","481"
"2289","Russia","532"
"2290","Chechnya","532"
"2291","Russia","1284"
"2292","Chechnya","1284"
"2293","Russia","1286"
"2294","Chechnya","1286"
"2295","Russia","434"
"2296","Chechnya","434"
"2297","Russia","533"
"2298","Chechnya","533"
"2299","Russia","227"
"2300","Chechnya","227"
"2301","Russia","511"
"2302","Chechnya","511"
"2303","Russia","513"
"2304","Chechnya","513"
"2305","Russia","1283"
"2306","Chechnya","1283"
"2307","Russia","371"
"2308","Chechnya","371"
"2309","Russia","512"
"2310","Chechnya","512"
"2311","Russia","251"
"2312","Chechnya","251"
"2313","Russia","365"
"2314","Chechnya","365"
"2315","Russia","1282"
"2316","Chechnya","1282"
"2317","Russia","302"
"2318","Chechnya","302"
"2319","Russia","288"
"2320","Chechnya","288"
"2321","Russia","1281"
"2322","Chechnya","1281"
"2323","Russia","509"
"2324","Chechnya","509"
"2325","Russia","510"
"2326","Chechnya","510"
"2327","Russia","2169"
"2328","Syria","2169"
"2329","Turkey","2169"
"2330","Rwanda","475"
"2331","Rwanda","506"
"2332","Rwanda","507"
"2333","Rwanda","505"
"2334","Rwanda","1343"
"2335","Rwanda","504"
"2336","Rwanda","503"
"2337","Rwanda","469"
"2338","Rwanda","1048"
"2339","Uganda","1048"
"2340","Saudi Arabia","408"
"2341","Yemen","408"
"2342","Saudi Arabia","535"
"2343","Yemen","535"
"2344","Senegal","642"
"2345","Casamance","642"
"2346","Senegal","1720"
"2347","Casamance","1720"
"2348","Serbia","1430"
"2349","Yugoslavia former","1430"
"2350","Presevo Valley","1430"
"2351","Serbia","1428"
"2352","Yugoslavia former","1428"
"2353","Presevo Valley","1428"
"2354","Serbia","1431"
"2355","Yugoslavia former","1431"
"2356","Presevo Valley","1431"
"2357","Sierra Leone","1050"
"2358","Sierra Leone","320"
"2359","Sierra Leone","478"
"2360","Sierra Leone","63"
"2361","Sierra Leone","62"
"2362","Sierra Leone","260"
"2363","Sierra Leone","330"
"2364","Sierra Leone","374"
"2365","Sierra Leone","476"
"2366","Slovenia","1228"
"2367","Yugoslavia former","1228"
"2368","Solomon Islands","1663"
"2369","Solomon Islands","80"
"2370","Solomon Islands","399"
"2371","Somalia","1712"
"2372","Somalia","1961"
"2373","Somalia","797"
"2374","Somalia","795"
"2375","Somalia","791"
"2376","Somalia","1403"
"2377","Somalia","1360"
"2378","Somalia","782"
"2379","Somalia","783"
"2380","Somalia","779"
"2381","Somalia","780"
"2382","Somalia","781"
"2383","Somalia","745"
"2384","Somalia","746"
"2385","Somalia","747"
"2386","Somalia","743"
"2387","Somalia","686"
"2388","Somalia","741"
"2389","Somalia","742"
"2390","Somalia","740"
"2391","Somalia","825"
"2392","Somalia","1856"
"2393","Somalia","1859"
"2394","Somalia","1858"
"2395","Somalia","1857"
"2396","Somalia","379"
"2397","Somalia","331"
"2398","Somalia","1068"
"2399","Somalia","590"
"2400","Somalia","359"
"2401","Somalia","1682"
"2402","Somalia","317"
"2403","Somalia","1855"
"2404","Somalia","75"
"2405","Somalia","907"
"2406","Somalia","216"
"2407","Somalia","267"
"2408","Somalia","280"
"2409","Somalia","567"
"2410","Somalia","1677"
"2411","Somalia","1713"
"2412","Somalia","1678"
"2413","Somalia","1679"
"2414","Somalia","1605"
"2415","Puntland","1605"
"2416","Somalia","1606"
"2417","Puntland","1606"
"2418","Somalia","799"
"2419","Puntland","799"
"2420","Somalia","1680"
"2421","Puntland","1680"
"2422","Somalia","1681"
"2423","Puntland","1681"
"2424","Somalia","744"
"2425","Puntland","744"
"2426","Somalia","1854"
"2427","Puntland","1854"
"2428","Somalia","1853"
"2429","Puntland","1853"
"2430","Somalia","1852"
"2431","Puntland","1852"
"2432","Somalia","1710"
"2433","Puntland","1710"
"2434","Somaliland","1709"
"2435","South Africa","1806"
"2436","South Africa","407"
"2437","South Africa","445"
"2438","South Africa","186"
"2439","South Africa","462"
"2440","South Africa","449"
"2441","South Africa","348"
"2442","South Africa","220"
"2443","South Africa","1272"
"2444","South Africa","490"
"2445","South Africa","395"
"2446","South Sudan","2248"
"2447","South Sudan","2112"
"2448","South Sudan","2111"
"2449","South Sudan","2110"
"2450","South Sudan","2109"
"2451","South Sudan","1966"
"2452","South Sudan","1965"
"2453","South Sudan","1964"
"2454","South Sudan","1963"
"2455","South Sudan","1962"
"2456","South Sudan","2071"
"2457","South Sudan","2073"
"2458","South Sudan","1585"
"2459","South Sudan","1692"
"2460","South Sudan","1691"
"2461","South Sudan","1690"
"2462","South Sudan","1357"
"2463","South Sudan","1187"
"2464","South Sudan","906"
"2465","South Sudan","2125"
"2466","South Sudan","1186"
"2467","South Sudan","1844"
"2468","South Sudan","885"
"2469","South Sudan","1675"
"2470","South Sudan","2126"
"2471","South Sudan","1185"
"2472","South Sudan","1653"
"2473","South Sudan","884"
"2474","South Sudan","1184"
"2475","South Sudan","1843"
"2476","South Sudan","1819"
"2477","South Sudan","879"
"2478","South Sudan","1674"
"2479","South Sudan","1067"
"2480","South Sudan","1817"
"2481","South Sudan","1816"
"2482","South Sudan","1967"
"2483","South Sudan","1815"
"2484","South Sudan","1814"
"2485","South Sudan","1813"
"2486","South Sudan","2072"
"2487","Southern Kordofan - Blue Nile - Abyei","2072"
"2488","South Sudan","877"
"2489","Sudan","877"
"2490","South Sudan","878"
"2491","Sudan","878"
"2492","South Sudan","856"
"2493","Sudan","856"
"2494","South Sudan","857"
"2495","Sudan","857"
"2496","South Sudan","858"
"2497","Sudan","858"
"2498","South Sudan","859"
"2499","Sudan","859"
"2500","South Sudan","860"
"2501","Sudan","860"
"2502","South Sudan","861"
"2503","Sudan","861"
"2504","South Sudan","862"
"2505","Sudan","862"
"2506","South Sudan","1076"
"2507","Sudan","1076"
"2508","South Sudan","1077"
"2509","Sudan","1077"
"2510","South Sudan","865"
"2511","Sudan","865"
"2512","South Sudan","1669"
"2513","Sudan","1669"
"2514","South Sudan","1374"
"2515","Sudan","1374"
"2516","South Sudan","1372"
"2517","Sudan","1372"
"2518","South Sudan","1371"
"2519","Sudan","1371"
"2520","South Sudan","1668"
"2521","Sudan","1668"
"2522","South Sudan","752"
"2523","Sudan","752"
"2524","South Sudan","1800"
"2525","Sudan","1800"
"2526","South Sudan","337"
"2527","Sudan","337"
"2528","South Sudan","270"
"2529","Sudan","270"
"2530","South Sudan","576"
"2531","Sudan","576"
"2532","South Sudan","574"
"2533","Sudan","574"
"2534","South Sudan","575"
"2535","Sudan","575"
"2536","South Sudan","1195"
"2537","Sudan","1195"
"2538","South Sudan","362"
"2539","Sudan","362"
"2540","South Sudan","581"
"2541","Sudan","581"
"2542","South Sudan","498"
"2543","Sudan","498"
"2544","South Sudan","385"
"2545","Sudan","385"
"2546","South Sudan","275"
"2547","Sudan","275"
"2548","South Sudan","233"
"2549","Sudan","233"
"2550","South Sudan","461"
"2551","Sudan","461"
"2552","South Sudan","451"
"2553","Sudan","451"
"2554","South Sudan","453"
"2555","Sudan","453"
"2556","South Sudan","440"
"2557","Sudan","440"
"2558","South Sudan","913"
"2559","Sudan","913"
"2560","South Sudan","470"
"2561","Sudan","470"
"2562","South Sudan","1039"
"2563","Sudan","1039"
"2564","South Sudan","550"
"2565","Sudan","550"
"2566","South Sudan","542"
"2567","Sudan","542"
"2568","South Sudan","485"
"2569","Sudan","485"
"2570","South Sudan","486"
"2571","Sudan","486"
"2572","South Sudan","918"
"2573","Sudan","918"
"2574","South Sudan","1021"
"2575","Sudan","1021"
"2576","South Sudan","843"
"2577","Sudan","843"
"2578","Darfur","843"
"2579","South Sudan","1812"
"2580","Sudan","1812"
"2581","Darfur","1812"
"2582","South Sudan","1337"
"2583","Sudan","1337"
"2584","Southern Kordofan - Blue Nile - Abyei","1337"
"2585","South Sudan","850"
"2586","Sudan","850"
"2587","Southern Kordofan - Blue Nile - Abyei","850"
"2588","South Sudan","852"
"2589","Sudan","852"
"2590","Southern Kordofan - Blue Nile - Abyei","852"
"2591","South Sudan","750"
"2592","Sudan","750"
"2593","Southern Kordofan - Blue Nile - Abyei","750"
"2594","South Sudan","1667"
"2595","Sudan","1667"
"2596","Southern Kordofan - Blue Nile - Abyei","1667"
"2597","South Sudan","1671"
"2598","Sudan","1671"
"2599","Southern Kordofan - Blue Nile - Abyei","1671"
"2600","South Sudan","1666"
"2601","Sudan","1666"
"2602","Southern Kordofan - Blue Nile - Abyei","1666"
"2603","South Sudan","1673"
"2604","Sudan","1673"
"2605","Southern Kordofan - Blue Nile - Abyei","1673"
"2606","South Sudan","1665"
"2607","Sudan","1665"
"2608","Southern Kordofan - Blue Nile - Abyei","1665"
"2609","South Sudan","1672"
"2610","Sudan","1672"
"2611","Southern Kordofan - Blue Nile - Abyei","1672"
"2612","South Sudan","830"
"2613","Sudan","830"
"2614","Southern Kordofan - Blue Nile - Abyei","830"
"2615","South Sudan","573"
"2616","Sudan","573"
"2617","Southern Kordofan - Blue Nile - Abyei","573"
"2618","South Sudan","496"
"2619","Sudan","496"
"2620","Southern Kordofan - Blue Nile - Abyei","496"
"2621","South Sudan","583"
"2622","Sudan","583"
"2623","Southern Kordofan - Blue Nile - Abyei","583"
"2624","South Sudan","1033"
"2625","Sudan","1033"
"2626","Southern Kordofan - Blue Nile - Abyei","1033"
"2627","Spain","1439"
"2628","Basque Country","1439"
"2629","Spain","1658"
"2630","Basque Country","1658"
"2631","Spain","70"
"2632","Basque Country","70"
"2633","Sri Lanka","1157"
"2634","Sri Lanka","1012"
"2635","Sri Lanka","1010"
"2636","Sri Lanka","1008"
"2637","Sri Lanka","1154"
"2638","Sri Lanka","1009"
"2639","Sri Lanka","1278"
"2640","Sri Lanka","1277"
"2641","Sri Lanka","1276"
"2642","Sri Lanka","1280"
"2643","Sri Lanka","1275"
"2644","Sri Lanka","1162"
"2645","Sri Lanka","1274"
"2646","Sri Lanka","1273"
"2647","Sri Lanka","1161"
"2648","Sri Lanka","1160"
"2649","Sri Lanka","1155"
"2650","Sri Lanka","1159"
"2651","Sri Lanka","1158"
"2652","Sri Lanka","1163"
"2653","Sri Lanka","1011"
"2654","Sri Lanka","548"
"2655","Sri Lanka","248"
"2656","Sri Lanka","1007"
"2657","Sri Lanka","355"
"2658","Sudan","2243"
"2659","Sudan","1820"
"2660","Sudan","1829"
"2661","Sudan","1060"
"2662","Sudan","1830"
"2663","Sudan","1828"
"2664","Sudan","875"
"2665","Darfur","875"
"2666","Sudan","876"
"2667","Darfur","876"
"2668","Sudan","880"
"2669","Darfur","880"
"2670","Sudan","855"
"2671","Darfur","855"
"2672","Sudan","851"
"2673","Darfur","851"
"2674","Sudan","749"
"2675","Darfur","749"
"2676","Sudan","853"
"2677","Darfur","853"
"2678","Sudan","751"
"2679","Darfur","751"
"2680","Sudan","753"
"2681","Darfur","753"
"2682","Sudan","754"
"2683","Darfur","754"
"2684","Sudan","755"
"2685","Darfur","755"
"2686","Sudan","748"
"2687","Darfur","748"
"2688","Sudan","699"
"2689","Darfur","699"
"2690","Sudan","1065"
"2691","Darfur","1065"
"2692","Sudan","350"
"2693","Darfur","350"
"2694","Sudan","94"
"2695","Darfur","94"
"2696","Sudan","90"
"2697","Darfur","90"
"2698","Sudan","91"
"2699","Darfur","91"
"2700","Sudan","92"
"2701","Darfur","92"
"2702","Sudan","905"
"2703","Darfur","905"
"2704","Sudan","647"
"2705","Darfur","647"
"2706","Sudan","1718"
"2707","Darfur","1718"
"2708","Southern Kordofan - Blue Nile - Abyei","1718"
"2709","Sudan","373"
"2710","Eastern Sudan","373"
"2711","Sudan","1664"
"2712","Southern Kordofan - Blue Nile - Abyei","1664"
"2713","Sudan","235"
"2714","Uganda","235"
"2715","Syria","2285"
"2716","Syria","2284"
"2717","Syria","2283"
"2718","Syria","2172"
"2719","Syria","2282"
"2720","Syria","2171"
"2721","Syria","2168"
"2722","Syria","2281"
"2723","Syria","2115"
"2724","Syria","2164"
"2725","Syria","2166"
"2726","Syria","2279"
"2727","Syria","2161"
"2728","Syria","2165"
"2729","Syria","2278"
"2730","Syria","2277"
"2731","Syria","2167"
"2732","Syria","2114"
"2733","Syria","2163"
"2734","Syria","2174"
"2735","Syria","2095"
"2736","Syria","2002"
"2737","Syria","2094"
"2738","Syria","2001"
"2739","Syria","2000"
"2740","Syria","1999"
"2741","Syria","2186"
"2742","Syria","1995"
"2743","Syria","2185"
"2744","Syria","1997"
"2745","Syria","1998"
"2746","Syria","2241"
"2747","Syria","1996"
"2748","Syria","2062"
"2749","Syria","2178"
"2750","Syria","2183"
"2751","Syria","2180"
"2752","Syria","2179"
"2753","Syria","2181"
"2754","Syria","2182"
"2755","Syria","2162"
"2756","Syria","2093"
"2757","Syria","2158"
"2758","Syria","2092"
"2759","Syria","1994"
"2760","Syria","1983"
"2761","Syria","1993"
"2762","Syria","2090"
"2763","Syria","1992"
"2764","Syria","1991"
"2765","Syria","1990"
"2766","Syria","2157"
"2767","Syria","2213"
"2768","Syria","2091"
"2769","Syria","1989"
"2770","Syria","2156"
"2771","Syria","1988"
"2772","Syria","1987"
"2773","Syria","1986"
"2774","Syria","1985"
"2775","Syria","1984"
"2776","Syria","1507"
"2777","Syria","2155"
"2778","Syria","1982"
"2779","Syria","1891"
"2780","Syria","1596"
"2781","Syria","2275"
"2782","Syria","1441"
"2783","Syria","2148"
"2784","Syria","1652"
"2785","Syria","1440"
"2786","Syria","1438"
"2787","Syria","2154"
"2788","Syria","2153"
"2789","Syria","1981"
"2790","Syria","1886"
"2791","Syria","2152"
"2792","Syria","2151"
"2793","Syria","1885"
"2794","Syria","1527"
"2795","Syria","2003"
"2796","Syria","1525"
"2797","Syria","2225"
"2798","Syria","2150"
"2799","Syria","1868"
"2800","Syria","2149"
"2801","Syria","1865"
"2802","Syria","1864"
"2803","Syria","784"
"2804","Syria","778"
"2805","Syria","777"
"2806","Syria","756"
"2807","Tajikistan","211"
"2808","Tajikistan","435"
"2809","Tajikistan","388"
"2810","Tajikistan","519"
"2811","Tajikistan","515"
"2812","Tajikistan","555"
"2813","Tajikistan","558"
"2814","Tajikistan","514"
"2815","Tajikistan","429"
"2816","Tajikistan","549"
"2817","Tajikistan","219"
"2818","Tajikistan","430"
"2819","Tajikistan","428"
"2820","Tajikistan","516"
"2821","Tajikistan","239"
"2822","Tajikistan","432"
"2823","Tajikistan","517"
"2824","Tajikistan","521"
"2825","Tajikistan","518"
"2826","Tajikistan","585"
"2827","Tajikistan","257"
"2828","Thailand","790"
"2829","Togo","844"
"2830","Togo","1264"
"2831","Togo","1256"
"2832","Tunisia","1515"
"2833","Uganda","684"
"2834","Uganda","685"
"2835","Uganda","692"
"2836","Uganda","694"
"2837","Uganda","695"
"2838","Uganda","667"
"2839","Uganda","757"
"2840","Uganda","892"
"2841","Uganda","137"
"2842","Uganda","888"
"2843","Uganda","891"
"2844","Uganda","889"
"2845","Uganda","890"
"2846","Uganda","262"
"2847","Uganda","649"
"2848","Uganda","1719"
"2849","Uganda","397"
"2850","Ukraine","2260"
"2851","Ukraine","2236"
"2852","Ukraine","2118"
"2853","Ukraine","2117"
"2854","Ukraine","1364"
"2855","Ukraine","1362"
"2856","Ukraine","1363"
"2857","Ukraine","930"
"2858","Yemen","2235"
"2859","Yemen","2228"
"2860","Yemen","2227"
"2861","Yemen","2124"
"2862","Yemen","2123"
"2863","Yemen","2121"
"2864","Yemen","2122"
"2865","Yemen","2120"
"2866","Yemen","2176"
"2867","Yemen","2119"
"2868","Yemen","2014"
"2869","Yemen","2009"
"2870","Yemen","2089"
"2871","Yemen","2010"
"2872","Yemen","1826"
"2873","Yemen","1586"
"2874","Yemen","2008"
"2875","Yemen","1825"
"2876","Yemen","1824"
"2877","Yemen","2007"
"2878","Yemen","1734"
"2879","Yemen","2214"
"2880","Yemen","1823"
"2881","Yemen","1676"
"2882","Yemen","1884"
"2883","Yemen","2006"
"2884","Yemen","2087"
"2885","Yemen","798"
"2886","Yemen","2082"
"2887","Yemen","2083"
"2888","Yemen","2086"
"2889","Yemen","2084"
"2890","Yemen","1883"
"2891","Yemen","1597"
"2892","Yemen","1509"
"2893","Yemen","1508"
"2894","Yemen","2226"
"2895","Yemen","2005"
"2896","Yemen","1400"
"2897","Yemen","2215"
"2898","Yemen","2063"
"2899","Yemen","2004"
"2900","Yemen","1399"
"2901","Yemen","758"
"2902","Yemen","1401"
"2903","Yemen","1402"
"2904","Yemen","1434"
"2905","Yemen","1433"
"2906","Yemen","250"
"2907","Yemen","264"
"2908","Zimbabwe","1340"
"2909","Zimbabwe","826"
"2910","Zimbabwe","828"
